Year;Region;Species;Code;TRW
1950;north;PISY;PISY03;0.706
1951;north;PISY;PISY03;1.034
1952;north;PISY;PISY03;1.286
1953;north;PISY;PISY03;0.991
1954;north;PISY;PISY03;0.899
1955;north;PISY;PISY03;1.155
1956;north;PISY;PISY03;0.899
1957;north;PISY;PISY03;0.869
1958;north;PISY;PISY03;1.197
1959;north;PISY;PISY03;0.952
1960;north;PISY;PISY03;0.863
1961;north;PISY;PISY03;1.186
1962;north;PISY;PISY03;0.58
1963;north;PISY;PISY03;0.736
1964;north;PISY;PISY03;1.016
1965;north;PISY;PISY03;0.79
1966;north;PISY;PISY03;0.854
1967;north;PISY;PISY03;0.935
1968;north;PISY;PISY03;1.363
1969;north;PISY;PISY03;1.105
1970;north;PISY;PISY03;1.035
1971;north;PISY;PISY03;1.113
1972;north;PISY;PISY03;0.908
1973;north;PISY;PISY03;1.175
1974;north;PISY;PISY03;1.082
1975;north;PISY;PISY03;0.876
1976;north;PISY;PISY03;1.315
1977;north;PISY;PISY03;1.171
1978;north;PISY;PISY03;0.85
1979;north;PISY;PISY03;0.819
1980;north;PISY;PISY03;1.143
1981;north;PISY;PISY03;1.054
1982;north;PISY;PISY03;0.965
1983;north;PISY;PISY03;1.168
1984;north;PISY;PISY03;0.961
1985;north;PISY;PISY03;1.335
1986;north;PISY;PISY03;0.89
1987;north;PISY;PISY03;0.925
1988;north;PISY;PISY03;0.789
1989;north;PISY;PISY03;1.011
1990;north;PISY;PISY03;1.098
1991;north;PISY;PISY03;0.621
1992;north;PISY;PISY03;1.297
1993;north;PISY;PISY03;1.002
1994;north;PISY;PISY03;0.675
1995;north;PISY;PISY03;0.867
1996;north;PISY;PISY03;0.969
1997;north;PISY;PISY03;1.063
1998;north;PISY;PISY03;0.601
1999;north;PISY;PISY03;1.389
1950;north;PISY;PISY02;0.497
1951;north;PISY;PISY02;0.73
1952;north;PISY;PISY02;0.973
1953;north;PISY;PISY02;1.023
1954;north;PISY;PISY02;0.814
1955;north;PISY;PISY02;1.194
1956;north;PISY;PISY02;0.922
1957;north;PISY;PISY02;0.911
1958;north;PISY;PISY02;1.037
1959;north;PISY;PISY02;1.136
1960;north;PISY;PISY02;1.183
1961;north;PISY;PISY02;1.14
1962;north;PISY;PISY02;0.8
1963;north;PISY;PISY02;0.918
1964;north;PISY;PISY02;1.275
1965;north;PISY;PISY02;0.692
1966;north;PISY;PISY02;1.068
1967;north;PISY;PISY02;0.872
1968;north;PISY;PISY02;0.973
1969;north;PISY;PISY02;0.986
1970;north;PISY;PISY02;0.899
1971;north;PISY;PISY02;1.003
1972;north;PISY;PISY02;0.895
1973;north;PISY;PISY02;1.062
1974;north;PISY;PISY02;0.88
1975;north;PISY;PISY02;0.812
1976;north;PISY;PISY02;1.083
1977;north;PISY;PISY02;1.347
1978;north;PISY;PISY02;0.906
1979;north;PISY;PISY02;0.759
1980;north;PISY;PISY02;0.915
1981;north;PISY;PISY02;0.876
1982;north;PISY;PISY02;0.818
1983;north;PISY;PISY02;1.062
1984;north;PISY;PISY02;0.686
1985;north;PISY;PISY02;1.172
1986;north;PISY;PISY02;0.818
1987;north;PISY;PISY02;0.925
1988;north;PISY;PISY02;1.061
1989;north;PISY;PISY02;1.183
1990;north;PISY;PISY02;1.152
1991;north;PISY;PISY02;0.589
1992;north;PISY;PISY02;1.31
1993;north;PISY;PISY02;1.242
1994;north;PISY;PISY02;0.67
1995;north;PISY;PISY02;1.064
1996;north;PISY;PISY02;1.281
1997;north;PISY;PISY02;1.178
1998;north;PISY;PISY02;0.767
1999;north;PISY;PISY02;1.142
1950;north;PISY;PISY01;0.699
1951;north;PISY;PISY01;1.124
1952;north;PISY;PISY01;1.193
1953;north;PISY;PISY01;1.162
1954;north;PISY;PISY01;0.881
1955;north;PISY;PISY01;1.038
1956;north;PISY;PISY01;1.113
1957;north;PISY;PISY01;0.872
1958;north;PISY;PISY01;0.954
1959;north;PISY;PISY01;1.105
1960;north;PISY;PISY01;1.117
1961;north;PISY;PISY01;0.895
1962;north;PISY;PISY01;0.642
1963;north;PISY;PISY01;0.893
1964;north;PISY;PISY01;1.285
1965;north;PISY;PISY01;0.758
1966;north;PISY;PISY01;1.145
1967;north;PISY;PISY01;0.719
1968;north;PISY;PISY01;0.959
1969;north;PISY;PISY01;1.193
1970;north;PISY;PISY01;1.183
1971;north;PISY;PISY01;1.271
1972;north;PISY;PISY01;1.108
1973;north;PISY;PISY01;1.275
1974;north;PISY;PISY01;1.005
1975;north;PISY;PISY01;0.758
1976;north;PISY;PISY01;1.081
1977;north;PISY;PISY01;1.08
1978;north;PISY;PISY01;0.72
1979;north;PISY;PISY01;0.722
1980;north;PISY;PISY01;1.002
1981;north;PISY;PISY01;1.017
1982;north;PISY;PISY01;0.931
1983;north;PISY;PISY01;0.982
1984;north;PISY;PISY01;0.844
1985;north;PISY;PISY01;1.064
1986;north;PISY;PISY01;0.745
1987;north;PISY;PISY01;1.248
1988;north;PISY;PISY01;1.112
1989;north;PISY;PISY01;0.806
1990;north;PISY;PISY01;1.028
1991;north;PISY;PISY01;0.709
1992;north;PISY;PISY01;1.257
1993;north;PISY;PISY01;1.189
1994;north;PISY;PISY01;0.932
1995;north;PISY;PISY01;1.077
1950;centre;PISY;PISY08;0.969
1951;centre;PISY;PISY08;0.71
1952;centre;PISY;PISY08;0.878
1953;centre;PISY;PISY08;0.949
1954;centre;PISY;PISY08;0.768
1955;centre;PISY;PISY08;1.255
1956;centre;PISY;PISY08;1.003
1957;centre;PISY;PISY08;1.034
1958;centre;PISY;PISY08;0.98
1959;centre;PISY;PISY08;1.381
1960;centre;PISY;PISY08;0.78
1961;centre;PISY;PISY08;1.118
1962;centre;PISY;PISY08;0.863
1963;centre;PISY;PISY08;0.748
1964;centre;PISY;PISY08;1.173
1965;centre;PISY;PISY08;0.833
1966;centre;PISY;PISY08;0.992
1967;centre;PISY;PISY08;0.984
1968;centre;PISY;PISY08;1.1
1969;centre;PISY;PISY08;0.839
1970;centre;PISY;PISY08;0.921
1971;centre;PISY;PISY08;1.084
1972;centre;PISY;PISY08;0.975
1973;centre;PISY;PISY08;0.969
1974;centre;PISY;PISY08;0.981
1975;centre;PISY;PISY08;0.962
1976;centre;PISY;PISY08;1.258
1977;centre;PISY;PISY08;1.185
1978;centre;PISY;PISY08;0.738
1979;centre;PISY;PISY08;0.884
1980;centre;PISY;PISY08;1.346
1981;centre;PISY;PISY08;0.958
1982;centre;PISY;PISY08;1.078
1983;centre;PISY;PISY08;1.176
1984;centre;PISY;PISY08;1.041
1985;centre;PISY;PISY08;1.044
1986;centre;PISY;PISY08;0.809
1987;centre;PISY;PISY08;0.971
1988;centre;PISY;PISY08;0.943
1989;centre;PISY;PISY08;0.983
1990;centre;PISY;PISY08;1.107
1991;centre;PISY;PISY08;0.806
1950;centre;PISY;PISY07;0.925
1951;centre;PISY;PISY07;1.018
1952;centre;PISY;PISY07;0.948
1953;centre;PISY;PISY07;0.897
1954;centre;PISY;PISY07;1.047
1955;centre;PISY;PISY07;0.902
1956;centre;PISY;PISY07;1.004
1957;centre;PISY;PISY07;1.19
1958;centre;PISY;PISY07;1.124
1959;centre;PISY;PISY07;1.176
1960;centre;PISY;PISY07;0.926
1961;centre;PISY;PISY07;0.989
1962;centre;PISY;PISY07;1.094
1963;centre;PISY;PISY07;0.862
1964;centre;PISY;PISY07;1.136
1965;centre;PISY;PISY07;0.872
1966;centre;PISY;PISY07;1.183
1967;centre;PISY;PISY07;1.037
1968;centre;PISY;PISY07;0.939
1969;centre;PISY;PISY07;0.97
1970;centre;PISY;PISY07;1.006
1971;centre;PISY;PISY07;1.024
1972;centre;PISY;PISY07;0.914
1973;centre;PISY;PISY07;0.886
1974;centre;PISY;PISY07;1.014
1975;centre;PISY;PISY07;1.332
1976;centre;PISY;PISY07;1.008
1977;centre;PISY;PISY07;1.094
1978;centre;PISY;PISY07;0.877
1979;centre;PISY;PISY07;1.071
1980;centre;PISY;PISY07;1.189
1981;centre;PISY;PISY07;0.889
1982;centre;PISY;PISY07;0.886
1983;centre;PISY;PISY07;0.843
1984;centre;PISY;PISY07;0.75
1985;centre;PISY;PISY07;0.993
1986;centre;PISY;PISY07;0.773
1987;centre;PISY;PISY07;0.882
1988;centre;PISY;PISY07;1.089
1989;centre;PISY;PISY07;0.93
1990;centre;PISY;PISY07;1.124
1991;centre;PISY;PISY07;0.811
1992;centre;PISY;PISY07;1.522
1993;centre;PISY;PISY07;0.977
1994;centre;PISY;PISY07;0.924
1995;centre;PISY;PISY07;0.899
1996;centre;PISY;PISY07;1.081
1997;centre;PISY;PISY07;1.175
1998;centre;PISY;PISY07;0.847
1999;centre;PISY;PISY07;1.124
1950;centre;PISY;PISY05;0.894
1951;centre;PISY;PISY05;1.053
1952;centre;PISY;PISY05;0.801
1953;centre;PISY;PISY05;0.822
1954;centre;PISY;PISY05;1.064
1955;centre;PISY;PISY05;0.625
1956;centre;PISY;PISY05;1.049
1957;centre;PISY;PISY05;0.798
1958;centre;PISY;PISY05;0.49
1959;centre;PISY;PISY05;1.192
1960;centre;PISY;PISY05;1.41
1961;centre;PISY;PISY05;0.772
1962;centre;PISY;PISY05;1.275
1963;centre;PISY;PISY05;1.336
1964;centre;PISY;PISY05;0.943
1965;centre;PISY;PISY05;0.844
1966;centre;PISY;PISY05;1.252
1967;centre;PISY;PISY05;0.814
1968;centre;PISY;PISY05;0.841
1969;centre;PISY;PISY05;1.046
1970;centre;PISY;PISY05;0.965
1971;centre;PISY;PISY05;1.014
1972;centre;PISY;PISY05;1.36
1973;centre;PISY;PISY05;0.932
1974;centre;PISY;PISY05;0.995
1975;centre;PISY;PISY05;1.4
1976;centre;PISY;PISY05;0.799
1977;centre;PISY;PISY05;1.212
1978;centre;PISY;PISY05;0.937
1979;centre;PISY;PISY05;0.908
1980;centre;PISY;PISY05;1.064
1981;centre;PISY;PISY05;1.099
1982;centre;PISY;PISY05;0.937
1983;centre;PISY;PISY05;0.749
1984;centre;PISY;PISY05;1.049
1985;centre;PISY;PISY05;1.201
1986;centre;PISY;PISY05;0.535
1987;centre;PISY;PISY05;0.905
1988;centre;PISY;PISY05;0.952
1989;centre;PISY;PISY05;0.688
1990;centre;PISY;PISY05;0.951
1991;centre;PISY;PISY05;0.834
1992;centre;PISY;PISY05;1.486
1993;centre;PISY;PISY05;0.999
1994;centre;PISY;PISY05;1.045
1995;centre;PISY;PISY05;0.681
1996;centre;PISY;PISY05;1.066
1997;centre;PISY;PISY05;1.149
1998;centre;PISY;PISY05;0.912
1999;centre;PISY;PISY05;1.154
1950;centre;PISY;PISY04;1.014
1951;centre;PISY;PISY04;1.169
1952;centre;PISY;PISY04;0.918
1953;centre;PISY;PISY04;1.078
1954;centre;PISY;PISY04;0.887
1955;centre;PISY;PISY04;1.135
1956;centre;PISY;PISY04;0.984
1957;centre;PISY;PISY04;1.04
1958;centre;PISY;PISY04;1.218
1959;centre;PISY;PISY04;1.117
1960;centre;PISY;PISY04;0.96
1961;centre;PISY;PISY04;1.042
1962;centre;PISY;PISY04;0.772
1963;centre;PISY;PISY04;0.834
1964;centre;PISY;PISY04;1.203
1965;centre;PISY;PISY04;0.819
1966;centre;PISY;PISY04;0.867
1967;centre;PISY;PISY04;0.951
1968;centre;PISY;PISY04;0.984
1969;centre;PISY;PISY04;1.108
1970;centre;PISY;PISY04;1.035
1971;centre;PISY;PISY04;0.975
1972;centre;PISY;PISY04;0.819
1973;centre;PISY;PISY04;1.329
1974;centre;PISY;PISY04;0.863
1975;centre;PISY;PISY04;1.003
1976;centre;PISY;PISY04;1.209
1977;centre;PISY;PISY04;0.866
1978;centre;PISY;PISY04;0.974
1979;centre;PISY;PISY04;0.94
1980;centre;PISY;PISY04;1.059
1981;centre;PISY;PISY04;1.045
1982;centre;PISY;PISY04;0.953
1983;centre;PISY;PISY04;1.131
1984;centre;PISY;PISY04;0.915
1985;centre;PISY;PISY04;1.133
1986;centre;PISY;PISY04;0.814
1987;centre;PISY;PISY04;1.057
1988;centre;PISY;PISY04;0.978
1989;centre;PISY;PISY04;0.913
1990;centre;PISY;PISY04;1.024
1991;centre;PISY;PISY04;0.868
1992;centre;PISY;PISY04;1.019
1993;centre;PISY;PISY04;1.227
1994;centre;PISY;PISY04;1.017
1995;centre;PISY;PISY04;1.043
1996;centre;PISY;PISY04;0.922
1997;centre;PISY;PISY04;0.888
1998;centre;PISY;PISY04;0.957
1999;centre;PISY;PISY04;1.11
1950;south;PISY;PISY09;0.685
1951;south;PISY;PISY09;0.648
1952;south;PISY;PISY09;0.837
1953;south;PISY;PISY09;1.031
1954;south;PISY;PISY09;0.928
1955;south;PISY;PISY09;1.282
1956;south;PISY;PISY09;0.953
1957;south;PISY;PISY09;1.131
1958;south;PISY;PISY09;1.199
1959;south;PISY;PISY09;0.958
1960;south;PISY;PISY09;0.937
1961;south;PISY;PISY09;1.237
1962;south;PISY;PISY09;1.037
1963;south;PISY;PISY09;0.737
1964;south;PISY;PISY09;1.144
1965;south;PISY;PISY09;0.83
1966;south;PISY;PISY09;1.062
1967;south;PISY;PISY09;0.69
1968;south;PISY;PISY09;0.929
1969;south;PISY;PISY09;0.91
1970;south;PISY;PISY09;1.136
1971;south;PISY;PISY09;0.984
1972;south;PISY;PISY09;0.893
1973;south;PISY;PISY09;1.384
1974;south;PISY;PISY09;0.951
1975;south;PISY;PISY09;0.804
1976;south;PISY;PISY09;1.271
1977;south;PISY;PISY09;0.849
1978;south;PISY;PISY09;1.098
1979;south;PISY;PISY09;0.943
1980;south;PISY;PISY09;1.097
1981;south;PISY;PISY09;1.005
1982;south;PISY;PISY09;0.972
1983;south;PISY;PISY09;1.047
1984;south;PISY;PISY09;0.852
1985;south;PISY;PISY09;1.053
1986;south;PISY;PISY09;1.077
1987;south;PISY;PISY09;1.007
1988;south;PISY;PISY09;0.844
1989;south;PISY;PISY09;1.012
1990;south;PISY;PISY09;1.086
1991;south;PISY;PISY09;0.977
1992;south;PISY;PISY09;1.124
1993;south;PISY;PISY09;0.943
1994;south;PISY;PISY09;0.949
1995;south;PISY;PISY09;1.061
1996;south;PISY;PISY09;0.951
1997;south;PISY;PISY09;1.172
1998;south;PISY;PISY09;0.929
1999;south;PISY;PISY09;0.945
1950;north;PINI;PINI01;1.123
1951;north;PINI;PINI01;0.718
1952;north;PINI;PINI01;1.13
1953;north;PINI;PINI01;1.124
1954;north;PINI;PINI01;1.185
1955;north;PINI;PINI01;1.03
1956;north;PINI;PINI01;0.719
1957;north;PINI;PINI01;0.737
1958;north;PINI;PINI01;0.886
1959;north;PINI;PINI01;1.435
1960;north;PINI;PINI01;1.236
1961;north;PINI;PINI01;0.976
1962;north;PINI;PINI01;0.839
1963;north;PINI;PINI01;1.158
1964;north;PINI;PINI01;1.15
1965;north;PINI;PINI01;0.679
1966;north;PINI;PINI01;1.237
1967;north;PINI;PINI01;0.979
1968;north;PINI;PINI01;0.998
1969;north;PINI;PINI01;0.907
1970;north;PINI;PINI01;0.935
1971;north;PINI;PINI01;1.119
1972;north;PINI;PINI01;1.001
1973;north;PINI;PINI01;1.026
1974;north;PINI;PINI01;0.995
1975;north;PINI;PINI01;1.089
1976;north;PINI;PINI01;1.106
1977;north;PINI;PINI01;1.713
1978;north;PINI;PINI01;0.836
1979;north;PINI;PINI01;0.966
1980;north;PINI;PINI01;0.661
1981;north;PINI;PINI01;0.707
1982;north;PINI;PINI01;1.223
1983;north;PINI;PINI01;0.926
1984;north;PINI;PINI01;0.947
1985;north;PINI;PINI01;1.235
1986;north;PINI;PINI01;0.778
1987;north;PINI;PINI01;1.038
1988;north;PINI;PINI01;1.237
1989;north;PINI;PINI01;0.884
1990;north;PINI;PINI01;1.191
1991;north;PINI;PINI01;0.516
1992;north;PINI;PINI01;1.274
1993;north;PINI;PINI01;0.85
1994;north;PINI;PINI01;0.884
1995;north;PINI;PINI01;0.778
1996;north;PINI;PINI01;1.407
1997;north;PINI;PINI01;0.661
1998;north;PINI;PINI01;0.925
1999;north;PINI;PINI01;1.183
1950;centre;PINI;PINI04;1.182
1951;centre;PINI;PINI04;1.039
1952;centre;PINI;PINI04;1.271
1953;centre;PINI;PINI04;0.841
1954;centre;PINI;PINI04;0.921
1955;centre;PINI;PINI04;0.992
1956;centre;PINI;PINI04;0.94
1957;centre;PINI;PINI04;0.967
1958;centre;PINI;PINI04;0.958
1959;centre;PINI;PINI04;1.225
1960;centre;PINI;PINI04;1.204
1961;centre;PINI;PINI04;1.12
1962;centre;PINI;PINI04;0.894
1963;centre;PINI;PINI04;0.797
1964;centre;PINI;PINI04;0.973
1965;centre;PINI;PINI04;0.824
1966;centre;PINI;PINI04;1.068
1967;centre;PINI;PINI04;0.752
1968;centre;PINI;PINI04;0.842
1969;centre;PINI;PINI04;0.811
1970;centre;PINI;PINI04;0.921
1971;centre;PINI;PINI04;0.882
1972;centre;PINI;PINI04;0.962
1973;centre;PINI;PINI04;1.178
1974;centre;PINI;PINI04;0.892
1975;centre;PINI;PINI04;1.259
1976;centre;PINI;PINI04;1.007
1977;centre;PINI;PINI04;1.178
1978;centre;PINI;PINI04;0.995
1979;centre;PINI;PINI04;1.181
1980;centre;PINI;PINI04;1.259
1981;centre;PINI;PINI04;0.592
1982;centre;PINI;PINI04;1.255
1983;centre;PINI;PINI04;0.906
1984;centre;PINI;PINI04;0.83
1985;centre;PINI;PINI04;1.233
1986;centre;PINI;PINI04;0.816
1987;centre;PINI;PINI04;1.215
1988;centre;PINI;PINI04;1.166
1950;centre;PINI;PINI05;0.994
1951;centre;PINI;PINI05;1.049
1952;centre;PINI;PINI05;1.252
1953;centre;PINI;PINI05;1.01
1954;centre;PINI;PINI05;0.908
1955;centre;PINI;PINI05;0.947
1956;centre;PINI;PINI05;1.182
1957;centre;PINI;PINI05;1.041
1958;centre;PINI;PINI05;0.873
1959;centre;PINI;PINI05;1.169
1960;centre;PINI;PINI05;1.262
1961;centre;PINI;PINI05;1.031
1962;centre;PINI;PINI05;0.868
1963;centre;PINI;PINI05;0.622
1964;centre;PINI;PINI05;0.965
1965;centre;PINI;PINI05;0.869
1966;centre;PINI;PINI05;1.002
1967;centre;PINI;PINI05;0.689
1968;centre;PINI;PINI05;0.783
1969;centre;PINI;PINI05;0.906
1970;centre;PINI;PINI05;0.978
1971;centre;PINI;PINI05;0.977
1972;centre;PINI;PINI05;0.82
1973;centre;PINI;PINI05;1.148
1974;centre;PINI;PINI05;0.901
1975;centre;PINI;PINI05;1.176
1976;centre;PINI;PINI05;0.882
1977;centre;PINI;PINI05;1.059
1978;centre;PINI;PINI05;1.113
1979;centre;PINI;PINI05;1.102
1980;centre;PINI;PINI05;1.109
1981;centre;PINI;PINI05;0.721
1982;centre;PINI;PINI05;1.22
1983;centre;PINI;PINI05;0.868
1984;centre;PINI;PINI05;0.936
1985;centre;PINI;PINI05;1.2
1986;centre;PINI;PINI05;0.846
1987;centre;PINI;PINI05;1.007
1988;centre;PINI;PINI05;1.105
1989;centre;PINI;PINI05;0.969
1990;centre;PINI;PINI05;1.037
1991;centre;PINI;PINI05;0.9
1992;centre;PINI;PINI05;1.203
1993;centre;PINI;PINI05;1.2
1994;centre;PINI;PINI05;1.056
1995;centre;PINI;PINI05;0.915
1950;centre;PINI;PINI02;1.036
1951;centre;PINI;PINI02;1.05
1952;centre;PINI;PINI02;1.124
1953;centre;PINI;PINI02;0.919
1954;centre;PINI;PINI02;0.824
1955;centre;PINI;PINI02;1.034
1956;centre;PINI;PINI02;1.17
1957;centre;PINI;PINI02;0.881
1958;centre;PINI;PINI02;0.989
1959;centre;PINI;PINI02;1.266
1960;centre;PINI;PINI02;1.155
1961;centre;PINI;PINI02;1.188
1962;centre;PINI;PINI02;0.967
1963;centre;PINI;PINI02;0.678
1964;centre;PINI;PINI02;1.108
1965;centre;PINI;PINI02;0.767
1966;centre;PINI;PINI02;1.044
1967;centre;PINI;PINI02;0.651
1968;centre;PINI;PINI02;0.689
1969;centre;PINI;PINI02;0.952
1970;centre;PINI;PINI02;1.087
1971;centre;PINI;PINI02;0.908
1972;centre;PINI;PINI02;0.821
1973;centre;PINI;PINI02;1.344
1974;centre;PINI;PINI02;0.968
1975;centre;PINI;PINI02;1.131
1976;centre;PINI;PINI02;1.131
1977;centre;PINI;PINI02;1.175
1978;centre;PINI;PINI02;0.793
1979;centre;PINI;PINI02;1.204
1980;centre;PINI;PINI02;1.287
1981;centre;PINI;PINI02;0.788
1982;centre;PINI;PINI02;1.017
1983;centre;PINI;PINI02;0.94
1984;centre;PINI;PINI02;0.989
1985;centre;PINI;PINI02;1.122
1986;centre;PINI;PINI02;0.717
1987;centre;PINI;PINI02;1.18
1988;centre;PINI;PINI02;1.123
1950;centre;PINI;PINI06;0.737
1951;centre;PINI;PINI06;0.951
1952;centre;PINI;PINI06;1.391
1953;centre;PINI;PINI06;0.91
1954;centre;PINI;PINI06;0.974
1955;centre;PINI;PINI06;1.075
1956;centre;PINI;PINI06;1.068
1957;centre;PINI;PINI06;0.921
1958;centre;PINI;PINI06;0.974
1959;centre;PINI;PINI06;1.547
1960;centre;PINI;PINI06;1.221
1961;centre;PINI;PINI06;0.987
1962;centre;PINI;PINI06;0.804
1963;centre;PINI;PINI06;0.723
1964;centre;PINI;PINI06;1.232
1965;centre;PINI;PINI06;0.593
1966;centre;PINI;PINI06;1.061
1967;centre;PINI;PINI06;0.883
1968;centre;PINI;PINI06;0.798
1969;centre;PINI;PINI06;1.055
1970;centre;PINI;PINI06;1.053
1971;centre;PINI;PINI06;0.939
1972;centre;PINI;PINI06;0.815
1973;centre;PINI;PINI06;1.248
1974;centre;PINI;PINI06;1.024
1975;centre;PINI;PINI06;1.067
1976;centre;PINI;PINI06;1.033
1977;centre;PINI;PINI06;1.2
1978;centre;PINI;PINI06;1.029
1979;centre;PINI;PINI06;1.137
1980;centre;PINI;PINI06;1.209
1981;centre;PINI;PINI06;0.797
1982;centre;PINI;PINI06;1.031
1983;centre;PINI;PINI06;0.835
1984;centre;PINI;PINI06;0.855
1985;centre;PINI;PINI06;1.009
1986;centre;PINI;PINI06;0.863
1987;centre;PINI;PINI06;1.047
1988;centre;PINI;PINI06;1.132
1989;centre;PINI;PINI06;1.029
1990;centre;PINI;PINI06;0.807
1991;centre;PINI;PINI06;0.906
1992;centre;PINI;PINI06;1.088
1993;centre;PINI;PINI06;0.842
1994;centre;PINI;PINI06;0.842
1995;centre;PINI;PINI06;0.883
1996;centre;PINI;PINI06;1.151
1997;centre;PINI;PINI06;1.285
1998;centre;PINI;PINI06;1.022
1950;centre;PINI;PINI03;1.059
1951;centre;PINI;PINI03;1.249
1952;centre;PINI;PINI03;1.074
1953;centre;PINI;PINI03;0.938
1954;centre;PINI;PINI03;0.866
1955;centre;PINI;PINI03;0.69
1956;centre;PINI;PINI03;0.97
1957;centre;PINI;PINI03;0.962
1958;centre;PINI;PINI03;0.882
1959;centre;PINI;PINI03;1.347
1960;centre;PINI;PINI03;1.3
1961;centre;PINI;PINI03;0.603
1962;centre;PINI;PINI03;1.217
1963;centre;PINI;PINI03;1.083
1964;centre;PINI;PINI03;0.905
1965;centre;PINI;PINI03;0.74
1966;centre;PINI;PINI03;1.102
1967;centre;PINI;PINI03;0.768
1968;centre;PINI;PINI03;0.954
1969;centre;PINI;PINI03;0.86
1970;centre;PINI;PINI03;0.806
1971;centre;PINI;PINI03;0.948
1972;centre;PINI;PINI03;1.255
1973;centre;PINI;PINI03;0.77
1974;centre;PINI;PINI03;0.998
1975;centre;PINI;PINI03;1.228
1976;centre;PINI;PINI03;1.441
1977;centre;PINI;PINI03;1.618
1978;centre;PINI;PINI03;0.862
1979;centre;PINI;PINI03;0.9
1980;centre;PINI;PINI03;1.19
1981;centre;PINI;PINI03;0.789
1982;centre;PINI;PINI03;1.046
1983;centre;PINI;PINI03;0.718
1984;centre;PINI;PINI03;1.136
1985;centre;PINI;PINI03;0.656
1986;centre;PINI;PINI03;0.794
1987;centre;PINI;PINI03;0.85
1988;centre;PINI;PINI03;1.232
1989;centre;PINI;PINI03;0.874
1990;centre;PINI;PINI03;1.352
1991;centre;PINI;PINI03;0.696
1992;centre;PINI;PINI03;1.361
1993;centre;PINI;PINI03;0.892
1994;centre;PINI;PINI03;0.777
1995;centre;PINI;PINI03;0.881
1996;centre;PINI;PINI03;1.029
1997;centre;PINI;PINI03;1.187
1998;centre;PINI;PINI03;0.618
1999;centre;PINI;PINI03;1.089
1950;centre;PISY;PISY06;0.999
1951;centre;PISY;PISY06;0.969
1952;centre;PISY;PISY06;0.985
1953;centre;PISY;PISY06;0.74
1954;centre;PISY;PISY06;1.198
1955;centre;PISY;PISY06;0.955
1956;centre;PISY;PISY06;1.026
1957;centre;PISY;PISY06;1.127
1958;centre;PISY;PISY06;1.054
1959;centre;PISY;PISY06;1.27
1960;centre;PISY;PISY06;0.857
1961;centre;PISY;PISY06;1.075
1962;centre;PISY;PISY06;0.868
1963;centre;PISY;PISY06;0.742
1964;centre;PISY;PISY06;1.148
1965;centre;PISY;PISY06;0.801
1966;centre;PISY;PISY06;1.112
1967;centre;PISY;PISY06;1.009
1968;centre;PISY;PISY06;1.095
1969;centre;PISY;PISY06;1.016
1970;centre;PISY;PISY06;0.952
1971;centre;PISY;PISY06;0.943
1972;centre;PISY;PISY06;0.827
1973;centre;PISY;PISY06;1.125
1974;centre;PISY;PISY06;0.822
1975;centre;PISY;PISY06;1.135
1976;centre;PISY;PISY06;0.895
1977;centre;PISY;PISY06;0.924
1978;centre;PISY;PISY06;0.955
1979;centre;PISY;PISY06;1.129
1980;centre;PISY;PISY06;1.259
1981;centre;PISY;PISY06;1.049
1982;centre;PISY;PISY06;1.134
1983;centre;PISY;PISY06;1.211
1984;centre;PISY;PISY06;0.935
1985;centre;PISY;PISY06;1.024
1986;centre;PISY;PISY06;0.657
1987;centre;PISY;PISY06;1.159
1988;centre;PISY;PISY06;1.146
1989;centre;PISY;PISY06;1.022
1990;centre;PISY;PISY06;1.077
1991;centre;PISY;PISY06;0.869
1992;centre;PISY;PISY06;1.057
1993;centre;PISY;PISY06;1.216
1994;centre;PISY;PISY06;1.086
1995;centre;PISY;PISY06;0.65
1996;centre;PISY;PISY06;0.857
1997;centre;PISY;PISY06;1.01
1998;centre;PISY;PISY06;1.034
1999;centre;PISY;PISY06;0.851
1950;south;PINI;PINI10;0.79
1951;south;PINI;PINI10;0.94
1952;south;PINI;PINI10;1.257
1953;south;PINI;PINI10;1
1954;south;PINI;PINI10;0.855
1955;south;PINI;PINI10;0.999
1956;south;PINI;PINI10;0.992
1957;south;PINI;PINI10;1.099
1958;south;PINI;PINI10;1.169
1959;south;PINI;PINI10;1.145
1960;south;PINI;PINI10;1.265
1961;south;PINI;PINI10;0.952
1962;south;PINI;PINI10;0.973
1963;south;PINI;PINI10;0.748
1964;south;PINI;PINI10;1.226
1965;south;PINI;PINI10;0.609
1966;south;PINI;PINI10;0.846
1967;south;PINI;PINI10;0.908
1968;south;PINI;PINI10;0.95
1969;south;PINI;PINI10;0.869
1970;south;PINI;PINI10;1.039
1971;south;PINI;PINI10;0.766
1972;south;PINI;PINI10;0.863
1973;south;PINI;PINI10;1.185
1974;south;PINI;PINI10;0.68
1975;south;PINI;PINI10;0.925
1976;south;PINI;PINI10;0.839
1977;south;PINI;PINI10;1.404
1978;south;PINI;PINI10;1.126
1979;south;PINI;PINI10;0.87
1980;south;PINI;PINI10;1.332
1981;south;PINI;PINI10;0.827
1982;south;PINI;PINI10;1.057
1983;south;PINI;PINI10;0.941
1984;south;PINI;PINI10;1.078
1985;south;PINI;PINI10;1.119
1986;south;PINI;PINI10;0.891
1987;south;PINI;PINI10;0.87
1988;south;PINI;PINI10;0.871
1989;south;PINI;PINI10;0.696
1990;south;PINI;PINI10;1.195
1991;south;PINI;PINI10;0.767
1992;south;PINI;PINI10;1.084
1993;south;PINI;PINI10;1.013
1994;south;PINI;PINI10;0.921
1995;south;PINI;PINI10;1.041
1996;south;PINI;PINI10;1.152
1997;south;PINI;PINI10;1.465
1998;south;PINI;PINI10;1.164
1999;south;PINI;PINI10;0.716
1950;south;PINI;PINI09;0.921
1951;south;PINI;PINI09;0.739
1952;south;PINI;PINI09;1.153
1953;south;PINI;PINI09;1.083
1954;south;PINI;PINI09;0.923
1955;south;PINI;PINI09;1.102
1956;south;PINI;PINI09;1.088
1957;south;PINI;PINI09;1.087
1958;south;PINI;PINI09;1.167
1959;south;PINI;PINI09;1.183
1960;south;PINI;PINI09;0.964
1961;south;PINI;PINI09;1.165
1962;south;PINI;PINI09;0.916
1963;south;PINI;PINI09;0.74
1964;south;PINI;PINI09;1.082
1965;south;PINI;PINI09;0.904
1966;south;PINI;PINI09;0.934
1967;south;PINI;PINI09;1.119
1968;south;PINI;PINI09;1.032
1969;south;PINI;PINI09;0.917
1970;south;PINI;PINI09;1.046
1971;south;PINI;PINI09;0.935
1972;south;PINI;PINI09;0.76
1973;south;PINI;PINI09;1.238
1974;south;PINI;PINI09;0.908
1975;south;PINI;PINI09;0.804
1976;south;PINI;PINI09;1.089
1977;south;PINI;PINI09;1.412
1978;south;PINI;PINI09;1.275
1979;south;PINI;PINI09;1.016
1980;south;PINI;PINI09;1.219
1981;south;PINI;PINI09;0.528
1982;south;PINI;PINI09;0.854
1983;south;PINI;PINI09;1.008
1984;south;PINI;PINI09;1.008
1985;south;PINI;PINI09;1.112
1986;south;PINI;PINI09;0.887
1987;south;PINI;PINI09;0.967
1988;south;PINI;PINI09;1.075
1989;south;PINI;PINI09;0.867
1990;south;PINI;PINI09;1.17
1991;south;PINI;PINI09;0.657
1992;south;PINI;PINI09;1.07
1993;south;PINI;PINI09;1.271
1994;south;PINI;PINI09;1.232
1995;south;PINI;PINI09;1.089
1996;south;PINI;PINI09;0.983
1997;south;PINI;PINI09;1.325
1998;south;PINI;PINI09;1.12
1999;south;PINI;PINI09;0.588
1950;south;PINI;PINI08;0.95
1951;south;PINI;PINI08;0.787
1952;south;PINI;PINI08;0.862
1953;south;PINI;PINI08;1.028
1954;south;PINI;PINI08;0.975
1955;south;PINI;PINI08;1.002
1956;south;PINI;PINI08;1.116
1957;south;PINI;PINI08;1.011
1958;south;PINI;PINI08;1.115
1959;south;PINI;PINI08;0.864
1960;south;PINI;PINI08;0.924
1961;south;PINI;PINI08;1.185
1962;south;PINI;PINI08;1.042
1963;south;PINI;PINI08;0.697
1964;south;PINI;PINI08;1.017
1965;south;PINI;PINI08;0.832
1966;south;PINI;PINI08;1.004
1967;south;PINI;PINI08;0.955
1968;south;PINI;PINI08;0.773
1969;south;PINI;PINI08;1.054
1970;south;PINI;PINI08;1.028
1971;south;PINI;PINI08;0.888
1972;south;PINI;PINI08;0.825
1973;south;PINI;PINI08;1.031
1974;south;PINI;PINI08;0.769
1975;south;PINI;PINI08;1.118
1976;south;PINI;PINI08;1.248
1977;south;PINI;PINI08;1.388
1978;south;PINI;PINI08;1.068
1979;south;PINI;PINI08;0.955
1980;south;PINI;PINI08;1.318
1981;south;PINI;PINI08;1.029
1982;south;PINI;PINI08;0.982
1983;south;PINI;PINI08;1.011
1984;south;PINI;PINI08;0.963
1985;south;PINI;PINI08;0.899
1986;south;PINI;PINI08;0.872
1987;south;PINI;PINI08;0.802
1988;south;PINI;PINI08;1.141
1989;south;PINI;PINI08;1.003
1990;south;PINI;PINI08;1.202
1991;south;PINI;PINI08;0.655
1992;south;PINI;PINI08;0.96
1993;south;PINI;PINI08;1.089
1994;south;PINI;PINI08;1.03
1995;south;PINI;PINI08;0.937
1996;south;PINI;PINI08;1.011
1997;south;PINI;PINI08;1.366
1998;south;PINI;PINI08;0.949
1999;south;PINI;PINI08;0.804
1950;south;PINI;PINI07;0.603
1951;south;PINI;PINI07;0.932
1952;south;PINI;PINI07;1.085
1953;south;PINI;PINI07;0.817
1954;south;PINI;PINI07;0.992
1955;south;PINI;PINI07;0.916
1956;south;PINI;PINI07;0.819
1957;south;PINI;PINI07;1.092
1958;south;PINI;PINI07;1.129
1959;south;PINI;PINI07;1.194
1960;south;PINI;PINI07;1.201
1961;south;PINI;PINI07;0.663
1962;south;PINI;PINI07;0.733
1963;south;PINI;PINI07;0.881
1964;south;PINI;PINI07;0.977
1965;south;PINI;PINI07;0.575
1966;south;PINI;PINI07;1.087
1967;south;PINI;PINI07;0.96
1968;south;PINI;PINI07;1.036
1969;south;PINI;PINI07;1.086
1970;south;PINI;PINI07;1.365
1971;south;PINI;PINI07;0.761
1972;south;PINI;PINI07;0.906
1973;south;PINI;PINI07;1.111
1974;south;PINI;PINI07;0.451
1975;south;PINI;PINI07;1.144
1976;south;PINI;PINI07;0.988
1977;south;PINI;PINI07;1.331
1978;south;PINI;PINI07;1.026
1979;south;PINI;PINI07;1.068
1980;south;PINI;PINI07;1.238
1981;south;PINI;PINI07;0.791
1982;south;PINI;PINI07;1.041
1983;south;PINI;PINI07;0.989
1984;south;PINI;PINI07;0.838
1985;south;PINI;PINI07;1.284
1986;south;PINI;PINI07;0.834
1987;south;PINI;PINI07;0.787
1988;south;PINI;PINI07;1.032
1989;south;PINI;PINI07;1.309
1990;south;PINI;PINI07;1.422
1991;south;PINI;PINI07;0.384
1992;south;PINI;PINI07;1.063
1993;south;PINI;PINI07;0.873
1994;south;PINI;PINI07;0.807
1995;south;PINI;PINI07;0.936
1996;south;PINI;PINI07;1.065
1997;south;PINI;PINI07;1.226
1998;south;PINI;PINI07;1.069
1999;south;PINI;PINI07;0.636
1950;south;PINI;PINI11;0.93
1951;south;PINI;PINI11;0.886
1952;south;PINI;PINI11;1.21
1953;south;PINI;PINI11;1.119
1954;south;PINI;PINI11;1.14
1955;south;PINI;PINI11;1.16
1956;south;PINI;PINI11;1.036
1957;south;PINI;PINI11;1.134
1958;south;PINI;PINI11;1.163
1959;south;PINI;PINI11;0.986
1960;south;PINI;PINI11;0.892
1961;south;PINI;PINI11;0.928
1962;south;PINI;PINI11;0.745
1963;south;PINI;PINI11;0.793
1964;south;PINI;PINI11;1.292
1965;south;PINI;PINI11;0.772
1966;south;PINI;PINI11;0.898
1967;south;PINI;PINI11;0.86
1968;south;PINI;PINI11;1.094
1969;south;PINI;PINI11;0.951
1970;south;PINI;PINI11;1.136
1971;south;PINI;PINI11;0.922
1972;south;PINI;PINI11;0.949
1973;south;PINI;PINI11;1.271
1974;south;PINI;PINI11;0.975
1975;south;PINI;PINI11;0.916
1976;south;PINI;PINI11;1.15
1977;south;PINI;PINI11;1.371
1978;south;PINI;PINI11;1.072
1979;south;PINI;PINI11;0.795
1980;south;PINI;PINI11;1.215
1981;south;PINI;PINI11;0.871
1982;south;PINI;PINI11;0.72
1983;south;PINI;PINI11;1.034
1984;south;PINI;PINI11;0.754
1985;south;PINI;PINI11;0.932
1986;south;PINI;PINI11;0.688
1987;south;PINI;PINI11;0.711
1988;south;PINI;PINI11;0.919
1989;south;PINI;PINI11;0.924
1990;south;PINI;PINI11;1.265
1991;south;PINI;PINI11;1.101
1992;south;PINI;PINI11;1.319
1993;south;PINI;PINI11;1.054
1994;south;PINI;PINI11;0.902
1995;south;PINI;PINI11;0.951
1996;south;PINI;PINI11;1.099
1997;south;PINI;PINI11;1.4
1998;south;PINI;PINI11;0.989
1999;south;PINI;PINI11;0.739
1950;north;ABAL;ABAL10;0.883
1951;north;ABAL;ABAL10;1.121
1952;north;ABAL;ABAL10;1.226
1953;north;ABAL;ABAL10;0.977
1954;north;ABAL;ABAL10;1.022
1955;north;ABAL;ABAL10;1.119
1956;north;ABAL;ABAL10;0.977
1957;north;ABAL;ABAL10;0.877
1958;north;ABAL;ABAL10;0.896
1959;north;ABAL;ABAL10;1.172
1960;north;ABAL;ABAL10;1.065
1961;north;ABAL;ABAL10;0.988
1962;north;ABAL;ABAL10;1.071
1963;north;ABAL;ABAL10;0.876
1964;north;ABAL;ABAL10;1.134
1965;north;ABAL;ABAL10;0.798
1966;north;ABAL;ABAL10;1.164
1967;north;ABAL;ABAL10;0.866
1968;north;ABAL;ABAL10;0.983
1969;north;ABAL;ABAL10;1.033
1970;north;ABAL;ABAL10;1.046
1971;north;ABAL;ABAL10;0.946
1972;north;ABAL;ABAL10;0.935
1973;north;ABAL;ABAL10;1.024
1974;north;ABAL;ABAL10;0.855
1975;north;ABAL;ABAL10;1.091
1976;north;ABAL;ABAL10;1.089
1977;north;ABAL;ABAL10;1.113
1978;north;ABAL;ABAL10;1.005
1979;north;ABAL;ABAL10;0.903
1980;north;ABAL;ABAL10;0.984
1981;north;ABAL;ABAL10;0.789
1982;north;ABAL;ABAL10;0.985
1983;north;ABAL;ABAL10;0.907
1984;north;ABAL;ABAL10;0.892
1985;north;ABAL;ABAL10;1.139
1986;north;ABAL;ABAL10;0.756
1987;north;ABAL;ABAL10;1.135
1988;north;ABAL;ABAL10;1.069
1989;north;ABAL;ABAL10;0.791
1990;north;ABAL;ABAL10;0.94
1991;north;ABAL;ABAL10;1.041
1992;north;ABAL;ABAL10;1.148
1993;north;ABAL;ABAL10;1.114
1994;north;ABAL;ABAL10;1.085
1995;north;ABAL;ABAL10;0.731
1996;north;ABAL;ABAL10;1.207
1997;north;ABAL;ABAL10;1.146
1998;north;ABAL;ABAL10;1.032
1999;north;ABAL;ABAL10;0.751
1950;north;ABAL;ABAL09;1.02
1951;north;ABAL;ABAL09;1.026
1952;north;ABAL;ABAL09;1.072
1953;north;ABAL;ABAL09;1.078
1954;north;ABAL;ABAL09;1.008
1955;north;ABAL;ABAL09;1.178
1956;north;ABAL;ABAL09;0.865
1957;north;ABAL;ABAL09;0.914
1958;north;ABAL;ABAL09;0.91
1959;north;ABAL;ABAL09;1.163
1960;north;ABAL;ABAL09;1.096
1961;north;ABAL;ABAL09;1.035
1962;north;ABAL;ABAL09;0.965
1963;north;ABAL;ABAL09;0.982
1964;north;ABAL;ABAL09;1.146
1965;north;ABAL;ABAL09;0.842
1966;north;ABAL;ABAL09;1.018
1967;north;ABAL;ABAL09;1.075
1968;north;ABAL;ABAL09;0.952
1969;north;ABAL;ABAL09;1.107
1970;north;ABAL;ABAL09;1.052
1971;north;ABAL;ABAL09;0.728
1972;north;ABAL;ABAL09;1.023
1973;north;ABAL;ABAL09;1.09
1974;north;ABAL;ABAL09;0.957
1975;north;ABAL;ABAL09;1.081
1976;north;ABAL;ABAL09;1.201
1977;north;ABAL;ABAL09;1.046
1978;north;ABAL;ABAL09;1.056
1979;north;ABAL;ABAL09;0.858
1980;north;ABAL;ABAL09;0.83
1981;north;ABAL;ABAL09;1.094
1982;north;ABAL;ABAL09;1.018
1983;north;ABAL;ABAL09;1.027
1984;north;ABAL;ABAL09;0.687
1985;north;ABAL;ABAL09;1.335
1986;north;ABAL;ABAL09;0.665
1987;north;ABAL;ABAL09;1.07
1988;north;ABAL;ABAL09;0.961
1989;north;ABAL;ABAL09;1.073
1990;north;ABAL;ABAL09;1.099
1991;north;ABAL;ABAL09;0.866
1992;north;ABAL;ABAL09;1.107
1993;north;ABAL;ABAL09;1.015
1994;north;ABAL;ABAL09;0.809
1995;north;ABAL;ABAL09;0.965
1996;north;ABAL;ABAL09;1.076
1997;north;ABAL;ABAL09;1.019
1998;north;ABAL;ABAL09;0.995
1999;north;ABAL;ABAL09;1.047
1950;north;ABAL;ABAL07;0.872
1951;north;ABAL;ABAL07;0.964
1952;north;ABAL;ABAL07;1.123
1953;north;ABAL;ABAL07;1.096
1954;north;ABAL;ABAL07;0.951
1955;north;ABAL;ABAL07;0.886
1956;north;ABAL;ABAL07;0.825
1957;north;ABAL;ABAL07;0.87
1958;north;ABAL;ABAL07;1.111
1959;north;ABAL;ABAL07;1.081
1960;north;ABAL;ABAL07;1.072
1961;north;ABAL;ABAL07;1.315
1962;north;ABAL;ABAL07;0.912
1963;north;ABAL;ABAL07;0.936
1964;north;ABAL;ABAL07;1.21
1965;north;ABAL;ABAL07;0.893
1966;north;ABAL;ABAL07;1.146
1967;north;ABAL;ABAL07;0.95
1968;north;ABAL;ABAL07;1.001
1969;north;ABAL;ABAL07;1.07
1970;north;ABAL;ABAL07;0.955
1971;north;ABAL;ABAL07;0.996
1972;north;ABAL;ABAL07;0.928
1973;north;ABAL;ABAL07;1.062
1974;north;ABAL;ABAL07;0.965
1975;north;ABAL;ABAL07;1.042
1976;north;ABAL;ABAL07;1.108
1977;north;ABAL;ABAL07;1.21
1978;north;ABAL;ABAL07;1.125
1979;north;ABAL;ABAL07;0.899
1980;north;ABAL;ABAL07;1.094
1981;north;ABAL;ABAL07;0.713
1982;north;ABAL;ABAL07;0.765
1983;north;ABAL;ABAL07;0.85
1984;north;ABAL;ABAL07;0.917
1985;north;ABAL;ABAL07;1.161
1986;north;ABAL;ABAL07;0.597
1987;north;ABAL;ABAL07;0.839
1988;north;ABAL;ABAL07;1.21
1989;north;ABAL;ABAL07;0.933
1990;north;ABAL;ABAL07;1.156
1991;north;ABAL;ABAL07;0.639
1992;north;ABAL;ABAL07;0.975
1993;north;ABAL;ABAL07;1.233
1994;north;ABAL;ABAL07;0.962
1995;north;ABAL;ABAL07;0.932
1996;north;ABAL;ABAL07;1.026
1997;north;ABAL;ABAL07;1.22
1998;north;ABAL;ABAL07;0.972
1999;north;ABAL;ABAL07;1.037
1950;north;ABAL;ABAL08;0.91
1951;north;ABAL;ABAL08;1.054
1952;north;ABAL;ABAL08;1.113
1953;north;ABAL;ABAL08;1.013
1954;north;ABAL;ABAL08;0.949
1955;north;ABAL;ABAL08;1.056
1956;north;ABAL;ABAL08;1.031
1957;north;ABAL;ABAL08;0.91
1958;north;ABAL;ABAL08;0.736
1959;north;ABAL;ABAL08;0.938
1960;north;ABAL;ABAL08;1.153
1961;north;ABAL;ABAL08;1.025
1962;north;ABAL;ABAL08;0.92
1963;north;ABAL;ABAL08;0.811
1964;north;ABAL;ABAL08;1.231
1965;north;ABAL;ABAL08;0.925
1966;north;ABAL;ABAL08;1.148
1967;north;ABAL;ABAL08;0.977
1968;north;ABAL;ABAL08;0.983
1969;north;ABAL;ABAL08;1.079
1970;north;ABAL;ABAL08;1.065
1971;north;ABAL;ABAL08;0.799
1972;north;ABAL;ABAL08;0.935
1973;north;ABAL;ABAL08;0.934
1974;north;ABAL;ABAL08;0.986
1975;north;ABAL;ABAL08;1.078
1976;north;ABAL;ABAL08;1.232
1977;north;ABAL;ABAL08;1.153
1978;north;ABAL;ABAL08;0.764
1979;north;ABAL;ABAL08;0.895
1980;north;ABAL;ABAL08;0.995
1981;north;ABAL;ABAL08;0.988
1982;north;ABAL;ABAL08;0.963
1983;north;ABAL;ABAL08;1.105
1984;north;ABAL;ABAL08;0.829
1985;north;ABAL;ABAL08;1.224
1986;north;ABAL;ABAL08;0.875
1987;north;ABAL;ABAL08;1.007
1988;north;ABAL;ABAL08;0.908
1989;north;ABAL;ABAL08;1.082
1990;north;ABAL;ABAL08;1.205
1991;north;ABAL;ABAL08;0.881
1992;north;ABAL;ABAL08;1.046
1993;north;ABAL;ABAL08;1.24
1994;north;ABAL;ABAL08;0.828
1995;north;ABAL;ABAL08;0.853
1996;north;ABAL;ABAL08;1.191
1997;north;ABAL;ABAL08;1.178
1998;north;ABAL;ABAL08;0.908
1999;north;ABAL;ABAL08;0.979
1950;north;ABAL;ABAL06;0.855
1951;north;ABAL;ABAL06;1.078
1952;north;ABAL;ABAL06;1.053
1953;north;ABAL;ABAL06;1.077
1954;north;ABAL;ABAL06;1.016
1955;north;ABAL;ABAL06;1.035
1956;north;ABAL;ABAL06;0.918
1957;north;ABAL;ABAL06;0.906
1958;north;ABAL;ABAL06;0.968
1959;north;ABAL;ABAL06;1.05
1960;north;ABAL;ABAL06;0.995
1961;north;ABAL;ABAL06;1.048
1962;north;ABAL;ABAL06;0.927
1963;north;ABAL;ABAL06;0.83
1964;north;ABAL;ABAL06;1.171
1965;north;ABAL;ABAL06;0.924
1966;north;ABAL;ABAL06;1.162
1967;north;ABAL;ABAL06;0.987
1968;north;ABAL;ABAL06;0.922
1969;north;ABAL;ABAL06;0.927
1970;north;ABAL;ABAL06;1.003
1971;north;ABAL;ABAL06;1.029
1972;north;ABAL;ABAL06;0.986
1973;north;ABAL;ABAL06;1.148
1974;north;ABAL;ABAL06;0.97
1975;north;ABAL;ABAL06;0.997
1976;north;ABAL;ABAL06;1.087
1977;north;ABAL;ABAL06;1.062
1978;north;ABAL;ABAL06;1.046
1979;north;ABAL;ABAL06;0.987
1980;north;ABAL;ABAL06;1.062
1981;north;ABAL;ABAL06;0.811
1982;north;ABAL;ABAL06;0.854
1983;north;ABAL;ABAL06;1.054
1984;north;ABAL;ABAL06;0.927
1985;north;ABAL;ABAL06;1.199
1986;north;ABAL;ABAL06;0.632
1987;north;ABAL;ABAL06;1.075
1988;north;ABAL;ABAL06;0.952
1989;north;ABAL;ABAL06;0.984
1990;north;ABAL;ABAL06;1.076
1991;north;ABAL;ABAL06;0.99
1992;north;ABAL;ABAL06;1.061
1993;north;ABAL;ABAL06;1.313
1994;north;ABAL;ABAL06;0.931
1995;north;ABAL;ABAL06;0.92
1996;north;ABAL;ABAL06;1.255
1997;north;ABAL;ABAL06;1.169
1998;north;ABAL;ABAL06;0.812
1999;north;ABAL;ABAL06;0.899
1950;north;ABAL;ABAL05;0.869
1951;north;ABAL;ABAL05;0.876
1952;north;ABAL;ABAL05;1.012
1953;north;ABAL;ABAL05;1.21
1954;north;ABAL;ABAL05;0.961
1955;north;ABAL;ABAL05;0.958
1956;north;ABAL;ABAL05;0.883
1957;north;ABAL;ABAL05;1.06
1958;north;ABAL;ABAL05;1.025
1959;north;ABAL;ABAL05;1.073
1960;north;ABAL;ABAL05;1.014
1961;north;ABAL;ABAL05;1.178
1962;north;ABAL;ABAL05;0.776
1963;north;ABAL;ABAL05;1.028
1964;north;ABAL;ABAL05;1.307
1965;north;ABAL;ABAL05;0.708
1966;north;ABAL;ABAL05;1.136
1967;north;ABAL;ABAL05;0.865
1968;north;ABAL;ABAL05;0.781
1969;north;ABAL;ABAL05;1.029
1970;north;ABAL;ABAL05;0.976
1971;north;ABAL;ABAL05;1.025
1972;north;ABAL;ABAL05;1.077
1973;north;ABAL;ABAL05;1.073
1974;north;ABAL;ABAL05;0.997
1975;north;ABAL;ABAL05;1.104
1976;north;ABAL;ABAL05;1.197
1977;north;ABAL;ABAL05;1.097
1978;north;ABAL;ABAL05;0.949
1979;north;ABAL;ABAL05;0.91
1980;north;ABAL;ABAL05;1.007
1981;north;ABAL;ABAL05;0.917
1982;north;ABAL;ABAL05;0.879
1983;north;ABAL;ABAL05;0.897
1984;north;ABAL;ABAL05;0.915
1985;north;ABAL;ABAL05;1.261
1986;north;ABAL;ABAL05;0.62
1987;north;ABAL;ABAL05;0.856
1988;north;ABAL;ABAL05;0.946
1989;north;ABAL;ABAL05;0.986
1990;north;ABAL;ABAL05;1.232
1991;north;ABAL;ABAL05;0.897
1992;north;ABAL;ABAL05;1.21
1993;north;ABAL;ABAL05;1.336
1994;north;ABAL;ABAL05;0.984
1995;north;ABAL;ABAL05;0.923
1996;north;ABAL;ABAL05;0.866
1997;north;ABAL;ABAL05;0.856
1998;north;ABAL;ABAL05;0.859
1999;north;ABAL;ABAL05;1.023
1950;north;ABAL;ABAL04;0.978
1951;north;ABAL;ABAL04;0.971
1952;north;ABAL;ABAL04;0.978
1953;north;ABAL;ABAL04;1.125
1954;north;ABAL;ABAL04;0.96
1955;north;ABAL;ABAL04;1.01
1956;north;ABAL;ABAL04;0.918
1957;north;ABAL;ABAL04;0.871
1958;north;ABAL;ABAL04;1.034
1959;north;ABAL;ABAL04;1.065
1960;north;ABAL;ABAL04;1.013
1961;north;ABAL;ABAL04;0.96
1962;north;ABAL;ABAL04;0.974
1963;north;ABAL;ABAL04;0.834
1964;north;ABAL;ABAL04;1.11
1965;north;ABAL;ABAL04;0.921
1966;north;ABAL;ABAL04;1.036
1967;north;ABAL;ABAL04;1.061
1968;north;ABAL;ABAL04;1.05
1969;north;ABAL;ABAL04;1.167
1970;north;ABAL;ABAL04;0.991
1971;north;ABAL;ABAL04;0.839
1972;north;ABAL;ABAL04;0.939
1973;north;ABAL;ABAL04;0.945
1974;north;ABAL;ABAL04;0.989
1975;north;ABAL;ABAL04;1.052
1976;north;ABAL;ABAL04;1.112
1977;north;ABAL;ABAL04;0.992
1978;north;ABAL;ABAL04;0.986
1979;north;ABAL;ABAL04;1.02
1980;north;ABAL;ABAL04;1.04
1981;north;ABAL;ABAL04;0.823
1982;north;ABAL;ABAL04;0.976
1983;north;ABAL;ABAL04;1.089
1984;north;ABAL;ABAL04;0.905
1985;north;ABAL;ABAL04;1.161
1986;north;ABAL;ABAL04;0.805
1987;north;ABAL;ABAL04;0.979
1988;north;ABAL;ABAL04;0.906
1989;north;ABAL;ABAL04;1.043
1990;north;ABAL;ABAL04;1.003
1991;north;ABAL;ABAL04;0.989
1992;north;ABAL;ABAL04;1.106
1993;north;ABAL;ABAL04;1.221
1994;north;ABAL;ABAL04;0.928
1995;north;ABAL;ABAL04;0.969
1996;north;ABAL;ABAL04;0.961
1997;north;ABAL;ABAL04;0.982
1998;north;ABAL;ABAL04;0.996
1999;north;ABAL;ABAL04;0.932
1950;north;ABAL;ABAL03;0.933
1951;north;ABAL;ABAL03;0.834
1952;north;ABAL;ABAL03;0.923
1953;north;ABAL;ABAL03;0.968
1954;north;ABAL;ABAL03;1.018
1955;north;ABAL;ABAL03;0.894
1956;north;ABAL;ABAL03;0.834
1957;north;ABAL;ABAL03;1.07
1958;north;ABAL;ABAL03;1.055
1959;north;ABAL;ABAL03;1.243
1960;north;ABAL;ABAL03;1.207
1961;north;ABAL;ABAL03;1.148
1962;north;ABAL;ABAL03;0.998
1963;north;ABAL;ABAL03;1.025
1964;north;ABAL;ABAL03;1.225
1965;north;ABAL;ABAL03;0.878
1966;north;ABAL;ABAL03;1.035
1967;north;ABAL;ABAL03;0.908
1968;north;ABAL;ABAL03;0.965
1969;north;ABAL;ABAL03;1.034
1970;north;ABAL;ABAL03;1.003
1971;north;ABAL;ABAL03;0.928
1972;north;ABAL;ABAL03;0.95
1973;north;ABAL;ABAL03;1.118
1974;north;ABAL;ABAL03;1.058
1975;north;ABAL;ABAL03;0.937
1976;north;ABAL;ABAL03;0.944
1977;north;ABAL;ABAL03;1.052
1978;north;ABAL;ABAL03;1.055
1979;north;ABAL;ABAL03;1.036
1980;north;ABAL;ABAL03;0.969
1981;north;ABAL;ABAL03;0.934
1982;north;ABAL;ABAL03;1.027
1983;north;ABAL;ABAL03;1.217
1984;north;ABAL;ABAL03;0.897
1985;north;ABAL;ABAL03;1.121
1986;north;ABAL;ABAL03;0.761
1987;north;ABAL;ABAL03;1.054
1988;north;ABAL;ABAL03;1.007
1989;north;ABAL;ABAL03;0.927
1990;north;ABAL;ABAL03;1.097
1991;north;ABAL;ABAL03;0.834
1992;north;ABAL;ABAL03;0.943
1993;north;ABAL;ABAL03;1.101
1994;north;ABAL;ABAL03;1.136
1995;north;ABAL;ABAL03;0.897
1996;north;ABAL;ABAL03;1.021
1997;north;ABAL;ABAL03;1.025
1998;north;ABAL;ABAL03;0.957
1999;north;ABAL;ABAL03;0.992
1950;north;ABAL;ABAL02;0.915
1951;north;ABAL;ABAL02;1.037
1952;north;ABAL;ABAL02;1.177
1953;north;ABAL;ABAL02;1.064
1954;north;ABAL;ABAL02;0.946
1955;north;ABAL;ABAL02;1.054
1956;north;ABAL;ABAL02;0.973
1957;north;ABAL;ABAL02;0.975
1958;north;ABAL;ABAL02;0.968
1959;north;ABAL;ABAL02;1.094
1960;north;ABAL;ABAL02;1.033
1961;north;ABAL;ABAL02;1.053
1962;north;ABAL;ABAL02;0.906
1963;north;ABAL;ABAL02;0.84
1964;north;ABAL;ABAL02;1.122
1965;north;ABAL;ABAL02;0.888
1966;north;ABAL;ABAL02;1.141
1967;north;ABAL;ABAL02;0.979
1968;north;ABAL;ABAL02;0.876
1969;north;ABAL;ABAL02;0.856
1970;north;ABAL;ABAL02;0.987
1971;north;ABAL;ABAL02;0.944
1972;north;ABAL;ABAL02;1.023
1973;north;ABAL;ABAL02;1.156
1974;north;ABAL;ABAL02;0.976
1975;north;ABAL;ABAL02;1.086
1976;north;ABAL;ABAL02;1.153
1977;north;ABAL;ABAL02;1.121
1978;north;ABAL;ABAL02;1.078
1979;north;ABAL;ABAL02;0.839
1980;north;ABAL;ABAL02;0.637
1981;north;ABAL;ABAL02;0.814
1982;north;ABAL;ABAL02;0.91
1983;north;ABAL;ABAL02;1.141
1984;north;ABAL;ABAL02;0.918
1985;north;ABAL;ABAL02;1.133
1986;north;ABAL;ABAL02;0.839
1987;north;ABAL;ABAL02;1.042
1988;north;ABAL;ABAL02;1.058
1989;north;ABAL;ABAL02;0.953
1990;north;ABAL;ABAL02;1.002
1991;north;ABAL;ABAL02;0.855
1992;north;ABAL;ABAL02;0.949
1993;north;ABAL;ABAL02;1.146
1994;north;ABAL;ABAL02;1.038
1995;north;ABAL;ABAL02;0.928
1996;north;ABAL;ABAL02;1.104
1997;north;ABAL;ABAL02;1.052
1998;north;ABAL;ABAL02;0.998
1999;north;ABAL;ABAL02;0.971
1950;north;ABAL;ABAL01;0.882
1951;north;ABAL;ABAL01;0.971
1952;north;ABAL;ABAL01;1.23
1953;north;ABAL;ABAL01;1.023
1954;north;ABAL;ABAL01;0.999
1955;north;ABAL;ABAL01;1.108
1956;north;ABAL;ABAL01;0.829
1957;north;ABAL;ABAL01;1.017
1958;north;ABAL;ABAL01;1.026
1959;north;ABAL;ABAL01;1.09
1960;north;ABAL;ABAL01;0.948
1961;north;ABAL;ABAL01;1.11
1962;north;ABAL;ABAL01;0.892
1963;north;ABAL;ABAL01;0.918
1964;north;ABAL;ABAL01;1.097
1965;north;ABAL;ABAL01;0.772
1966;north;ABAL;ABAL01;1.149
1967;north;ABAL;ABAL01;1.024
1968;north;ABAL;ABAL01;0.964
1969;north;ABAL;ABAL01;0.98
1970;north;ABAL;ABAL01;1.015
1971;north;ABAL;ABAL01;1.038
1972;north;ABAL;ABAL01;0.95
1973;north;ABAL;ABAL01;1.054
1974;north;ABAL;ABAL01;0.961
1975;north;ABAL;ABAL01;1.045
1976;north;ABAL;ABAL01;0.994
1977;north;ABAL;ABAL01;0.908
1978;north;ABAL;ABAL01;1.026
1979;north;ABAL;ABAL01;0.933
1980;north;ABAL;ABAL01;1.063
1981;north;ABAL;ABAL01;0.944
1982;north;ABAL;ABAL01;0.947
1983;north;ABAL;ABAL01;1.151
1984;north;ABAL;ABAL01;0.798
1985;north;ABAL;ABAL01;1.217
1986;north;ABAL;ABAL01;0.695
1987;north;ABAL;ABAL01;1.068
1988;north;ABAL;ABAL01;1.042
1989;north;ABAL;ABAL01;0.919
1990;north;ABAL;ABAL01;0.981
1991;north;ABAL;ABAL01;0.867
1992;north;ABAL;ABAL01;1
1993;north;ABAL;ABAL01;1.279
1994;north;ABAL;ABAL01;0.976
1995;north;ABAL;ABAL01;0.937
1996;north;ABAL;ABAL01;1.051
1997;north;ABAL;ABAL01;1.141
1998;north;ABAL;ABAL01;0.979
1999;north;ABAL;ABAL01;0.824
